id,label
000.png,black_grass
001.png,black_grass
002.png,black_grass
003.png,black_grass
004.png,black_grass
005.png,black_grass
006.png,black_grass
007.png,black_grass
008.png,black_grass
009.png,black_grass
010.png,common_wheat
011.png,black_grass
012.png,black_grass
013.png,black_grass
014.png,black_grass
015.png,black_grass
016.png,loose_silky_bent
017.png,black_grass
018.png,black_grass
019.png,black_grass
020.png,black_grass
021.png,loose_silky_bent
022.png,black_grass
023.png,common_wheat
024.png,black_grass
025.png,black_grass
026.png,black_grass
027.png,loose_silky_bent
028.png,black_grass
029.png,black_grass
030.png,black_grass
031.png,black_grass
032.png,black_grass
033.png,black_grass
034.png,black_grass
035.png,black_grass
036.png,black_grass
037.png,black_grass
038.png,loose_silky_bent
039.png,black_grass
040.png,black_grass
041.png,black_grass
042.png,loose_silky_bent
043.png,black_grass
044.png,black_grass
045.png,black_grass
046.png,black_grass
047.png,black_grass
048.png,black_grass
049.png,black_grass
050.png,black_grass
051.png,black_grass
052.png,common_wheat
053.png,black_grass
054.png,black_grass
055.png,loose_silky_bent
056.png,black_grass
057.png,loose_silky_bent
058.png,loose_silky_bent
059.png,black_grass
060.png,black_grass
061.png,black_grass
062.png,black_grass
063.png,black_grass
064.png,black_grass
065.png,black_grass
066.png,loose_silky_bent
067.png,black_grass
068.png,black_grass
069.png,black_grass
070.png,loose_silky_bent
071.png,black_grass
072.png,loose_silky_bent
073.png,black_grass
074.png,black_grass
075.png,charlock
076.png,charlock
077.png,charlock
078.png,charlock
079.png,charlock
080.png,charlock
081.png,charlock
082.png,charlock
083.png,charlock
084.png,charlock
085.png,charlock
086.png,charlock
087.png,charlock
088.png,charlock
089.png,charlock
090.png,charlock
091.png,charlock
092.png,charlock
093.png,charlock
094.png,charlock
095.png,charlock
096.png,charlock
097.png,charlock
098.png,charlock
099.png,charlock
100.png,charlock
101.png,charlock
102.png,charlock
103.png,charlock
104.png,scentless_mayweed
105.png,charlock
106.png,charlock
107.png,charlock
108.png,charlock
109.png,charlock
110.png,charlock
111.png,charlock
112.png,charlock
113.png,charlock
114.png,charlock
115.png,charlock
116.png,charlock
117.png,charlock
118.png,charlock
119.png,charlock
120.png,charlock
121.png,charlock
122.png,charlock
123.png,charlock
124.png,charlock
125.png,charlock
126.png,charlock
127.png,charlock
128.png,charlock
129.png,charlock
130.png,charlock
131.png,charlock
132.png,charlock
133.png,charlock
134.png,charlock
135.png,charlock
136.png,charlock
137.png,charlock
138.png,charlock
139.png,charlock
140.png,charlock
141.png,charlock
142.png,charlock
143.png,charlock
144.png,charlock
145.png,charlock
146.png,charlock
147.png,charlock
148.png,charlock
149.png,charlock
150.png,cleavers
151.png,cleavers
152.png,cleavers
153.png,cleavers
154.png,cleavers
155.png,cleavers
156.png,cleavers
157.png,cleavers
158.png,cleavers
159.png,cleavers
160.png,cleavers
161.png,cleavers
162.png,cleavers
163.png,cleavers
164.png,cleavers
165.png,cleavers
166.png,cleavers
167.png,cleavers
168.png,cleavers
169.png,cleavers
170.png,cleavers
171.png,cleavers
172.png,cleavers
173.png,cleavers
174.png,cleavers
175.png,cleavers
176.png,cleavers
177.png,cleavers
178.png,cleavers
179.png,cleavers
180.png,cleavers
181.png,cleavers
182.png,cleavers
183.png,cleavers
184.png,cleavers
185.png,cleavers
186.png,cleavers
187.png,cleavers
188.png,cleavers
189.png,cleavers
190.png,cleavers
191.png,cleavers
192.png,cleavers
193.png,cleavers
194.png,cleavers
195.png,cleavers
196.png,cleavers
197.png,cleavers
198.png,charlock
199.png,cleavers
200.png,cleavers
201.png,cleavers
202.png,cleavers
203.png,cleavers
204.png,cleavers
205.png,cleavers
206.png,cleavers
207.png,cleavers
208.png,cleavers
209.png,cleavers
210.png,cleavers
211.png,cleavers
212.png,cleavers
213.png,cleavers
214.png,scentless_mayweed
215.png,cleavers
216.png,cleavers
217.png,cleavers
218.png,cleavers
219.png,cleavers
220.png,cleavers
221.png,cleavers
222.png,cleavers
223.png,cleavers
224.png,cleavers
225.png,common_chickweed
226.png,common_chickweed
227.png,common_chickweed
228.png,common_chickweed
229.png,common_chickweed
230.png,common_chickweed
231.png,common_chickweed
232.png,common_chickweed
233.png,common_chickweed
234.png,common_chickweed
235.png,scentless_mayweed
236.png,common_chickweed
237.png,common_chickweed
238.png,common_chickweed
239.png,common_chickweed
240.png,common_chickweed
241.png,common_chickweed
242.png,common_chickweed
243.png,common_chickweed
244.png,common_chickweed
245.png,common_chickweed
246.png,scentless_mayweed
247.png,common_chickweed
248.png,common_chickweed
249.png,common_chickweed
250.png,common_chickweed
251.png,common_chickweed
252.png,common_chickweed
253.png,common_chickweed
254.png,common_chickweed
255.png,common_chickweed
256.png,common_chickweed
257.png,common_chickweed
258.png,common_chickweed
259.png,common_chickweed
260.png,common_chickweed
261.png,common_chickweed
262.png,common_chickweed
263.png,common_chickweed
264.png,common_chickweed
265.png,common_chickweed
266.png,common_chickweed
267.png,common_chickweed
268.png,common_chickweed
269.png,common_chickweed
270.png,common_chickweed
271.png,common_chickweed
272.png,common_chickweed
273.png,common_chickweed
274.png,common_chickweed
275.png,common_chickweed
276.png,common_chickweed
277.png,common_chickweed
278.png,common_chickweed
279.png,common_chickweed
280.png,common_chickweed
281.png,common_chickweed
282.png,common_chickweed
283.png,common_chickweed
284.png,common_chickweed
285.png,common_chickweed
286.png,common_chickweed
287.png,common_chickweed
288.png,common_chickweed
289.png,common_chickweed
290.png,common_chickweed
291.png,common_chickweed
292.png,common_chickweed
293.png,common_chickweed
294.png,common_wheat
295.png,common_chickweed
296.png,common_chickweed
297.png,common_chickweed
298.png,common_chickweed
299.png,common_chickweed
300.png,common_wheat
301.png,common_wheat
302.png,common_wheat
303.png,common_wheat
304.png,common_wheat
305.png,common_wheat
306.png,common_wheat
307.png,common_wheat
308.png,common_wheat
309.png,common_wheat
310.png,common_wheat
311.png,common_wheat
312.png,common_wheat
313.png,common_wheat
314.png,common_wheat
315.png,common_wheat
316.png,common_wheat
317.png,common_wheat
318.png,common_wheat
319.png,common_wheat
320.png,common_wheat
321.png,common_wheat
322.png,common_wheat
323.png,common_wheat
324.png,common_wheat
325.png,common_wheat
326.png,common_wheat
327.png,common_wheat
328.png,common_wheat
329.png,common_wheat
330.png,common_wheat
331.png,common_wheat
332.png,common_wheat
333.png,common_wheat
334.png,common_wheat
335.png,common_wheat
336.png,common_wheat
337.png,common_wheat
338.png,common_wheat
339.png,common_wheat
340.png,common_wheat
341.png,common_wheat
342.png,common_wheat
343.png,common_wheat
344.png,common_wheat
345.png,common_wheat
346.png,common_wheat
347.png,black_grass
348.png,common_wheat
349.png,common_wheat
350.png,common_wheat
351.png,common_wheat
352.png,common_wheat
353.png,common_wheat
354.png,common_wheat
355.png,common_wheat
356.png,common_wheat
357.png,common_wheat
358.png,common_wheat
359.png,common_wheat
360.png,common_wheat
361.png,common_wheat
362.png,common_wheat
363.png,common_wheat
364.png,common_wheat
365.png,common_wheat
366.png,common_wheat
367.png,common_wheat
368.png,common_wheat
369.png,common_wheat
370.png,common_wheat
371.png,common_wheat
372.png,common_wheat
373.png,common_wheat
374.png,common_wheat
375.png,fat_hen
376.png,fat_hen
377.png,fat_hen
378.png,fat_hen
379.png,fat_hen
380.png,fat_hen
381.png,fat_hen
382.png,black_grass
383.png,fat_hen
384.png,fat_hen
385.png,fat_hen
386.png,fat_hen
387.png,fat_hen
388.png,fat_hen
389.png,fat_hen
390.png,fat_hen
391.png,fat_hen
392.png,fat_hen
393.png,fat_hen
394.png,fat_hen
395.png,fat_hen
396.png,fat_hen
397.png,fat_hen
398.png,common_chickweed
399.png,fat_hen
400.png,fat_hen
401.png,fat_hen
402.png,fat_hen
403.png,fat_hen
404.png,fat_hen
405.png,fat_hen
406.png,fat_hen
407.png,fat_hen
408.png,fat_hen
409.png,fat_hen
410.png,fat_hen
411.png,fat_hen
412.png,fat_hen
413.png,fat_hen
414.png,fat_hen
415.png,fat_hen
416.png,fat_hen
417.png,fat_hen
418.png,fat_hen
419.png,fat_hen
420.png,fat_hen
421.png,fat_hen
422.png,fat_hen
423.png,fat_hen
424.png,fat_hen
425.png,fat_hen
426.png,fat_hen
427.png,fat_hen
428.png,fat_hen
429.png,fat_hen
430.png,fat_hen
431.png,fat_hen
432.png,fat_hen
433.png,fat_hen
434.png,fat_hen
435.png,fat_hen
436.png,fat_hen
437.png,fat_hen
438.png,fat_hen
439.png,fat_hen
440.png,fat_hen
441.png,fat_hen
442.png,fat_hen
443.png,fat_hen
444.png,fat_hen
445.png,fat_hen
446.png,fat_hen
447.png,fat_hen
448.png,charlock
449.png,fat_hen
450.png,loose_silky_bent
451.png,loose_silky_bent
452.png,loose_silky_bent
453.png,loose_silky_bent
454.png,loose_silky_bent
455.png,loose_silky_bent
456.png,loose_silky_bent
457.png,loose_silky_bent
458.png,loose_silky_bent
459.png,black_grass
460.png,loose_silky_bent
461.png,black_grass
462.png,common_wheat
463.png,loose_silky_bent
464.png,black_grass
465.png,loose_silky_bent
466.png,loose_silky_bent
467.png,loose_silky_bent
468.png,loose_silky_bent
469.png,loose_silky_bent
470.png,black_grass
471.png,loose_silky_bent
472.png,loose_silky_bent
473.png,loose_silky_bent
474.png,loose_silky_bent
475.png,loose_silky_bent
476.png,black_grass
477.png,black_grass
478.png,loose_silky_bent
479.png,loose_silky_bent
480.png,loose_silky_bent
481.png,loose_silky_bent
482.png,loose_silky_bent
483.png,black_grass
484.png,black_grass
485.png,black_grass
486.png,black_grass
487.png,loose_silky_bent
488.png,black_grass
489.png,black_grass
490.png,loose_silky_bent
491.png,black_grass
492.png,loose_silky_bent
493.png,loose_silky_bent
494.png,loose_silky_bent
495.png,loose_silky_bent
496.png,black_grass
497.png,loose_silky_bent
498.png,loose_silky_bent
499.png,loose_silky_bent
500.png,loose_silky_bent
501.png,black_grass
502.png,loose_silky_bent
503.png,loose_silky_bent
504.png,loose_silky_bent
505.png,loose_silky_bent
506.png,loose_silky_bent
507.png,loose_silky_bent
508.png,black_grass
509.png,loose_silky_bent
510.png,loose_silky_bent
511.png,black_grass
512.png,loose_silky_bent
513.png,loose_silky_bent
514.png,loose_silky_bent
515.png,loose_silky_bent
516.png,black_grass
517.png,loose_silky_bent
518.png,loose_silky_bent
519.png,black_grass
520.png,black_grass
521.png,common_wheat
522.png,black_grass
523.png,loose_silky_bent
524.png,loose_silky_bent
525.png,maize
526.png,maize
527.png,maize
528.png,maize
529.png,maize
530.png,maize
531.png,maize
532.png,maize
533.png,maize
534.png,maize
535.png,maize
536.png,maize
537.png,maize
538.png,maize
539.png,maize
540.png,maize
541.png,maize
542.png,maize
543.png,maize
544.png,maize
545.png,maize
546.png,maize
547.png,maize
548.png,maize
549.png,maize
550.png,maize
551.png,maize
552.png,maize
553.png,maize
554.png,maize
555.png,maize
556.png,maize
557.png,maize
558.png,maize
559.png,maize
560.png,maize
561.png,maize
562.png,maize
563.png,maize
564.png,maize
565.png,maize
566.png,maize
567.png,maize
568.png,maize
569.png,maize
570.png,maize
571.png,maize
572.png,maize
573.png,maize
574.png,maize
575.png,maize
576.png,maize
577.png,maize
578.png,maize
579.png,maize
580.png,maize
581.png,maize
582.png,maize
583.png,maize
584.png,maize
585.png,common_wheat
586.png,maize
587.png,maize
588.png,maize
589.png,maize
590.png,maize
591.png,maize
592.png,maize
593.png,maize
594.png,maize
595.png,maize
596.png,maize
597.png,maize
598.png,maize
599.png,maize
600.png,sugar_beet
601.png,scentless_mayweed
602.png,scentless_mayweed
603.png,scentless_mayweed
604.png,scentless_mayweed
605.png,scentless_mayweed
606.png,scentless_mayweed
607.png,scentless_mayweed
608.png,scentless_mayweed
609.png,scentless_mayweed
610.png,scentless_mayweed
611.png,scentless_mayweed
612.png,scentless_mayweed
613.png,scentless_mayweed
614.png,scentless_mayweed
615.png,scentless_mayweed
616.png,scentless_mayweed
617.png,scentless_mayweed
618.png,shepherds_purse
619.png,scentless_mayweed
620.png,scentless_mayweed
621.png,loose_silky_bent
622.png,loose_silky_bent
623.png,scentless_mayweed
624.png,scentless_mayweed
625.png,scentless_mayweed
626.png,scentless_mayweed
627.png,scentless_mayweed
628.png,scentless_mayweed
629.png,scentless_mayweed
630.png,scentless_mayweed
631.png,scentless_mayweed
632.png,scentless_mayweed
633.png,scentless_mayweed
634.png,scentless_mayweed
635.png,scentless_mayweed
636.png,scentless_mayweed
637.png,scentless_mayweed
638.png,scentless_mayweed
639.png,scentless_mayweed
640.png,scentless_mayweed
641.png,scentless_mayweed
642.png,scentless_mayweed
643.png,scentless_mayweed
644.png,scentless_mayweed
645.png,scentless_mayweed
646.png,scentless_mayweed
647.png,shepherds_purse
648.png,scentless_mayweed
649.png,scentless_mayweed
650.png,scentless_mayweed
651.png,scentless_mayweed
652.png,scentless_mayweed
653.png,scentless_mayweed
654.png,scentless_mayweed
655.png,scentless_mayweed
656.png,scentless_mayweed
657.png,scentless_mayweed
658.png,scentless_mayweed
659.png,scentless_mayweed
660.png,scentless_mayweed
661.png,small_flowered_cranesbill
662.png,scentless_mayweed
663.png,scentless_mayweed
664.png,scentless_mayweed
665.png,scentless_mayweed
666.png,scentless_mayweed
667.png,scentless_mayweed
668.png,scentless_mayweed
669.png,scentless_mayweed
670.png,scentless_mayweed
671.png,scentless_mayweed
672.png,shepherds_purse
673.png,scentless_mayweed
674.png,shepherds_purse
675.png,shepherds_purse
676.png,shepherds_purse
677.png,shepherds_purse
678.png,shepherds_purse
679.png,shepherds_purse
680.png,shepherds_purse
681.png,shepherds_purse
682.png,shepherds_purse
683.png,shepherds_purse
684.png,shepherds_purse
685.png,shepherds_purse
686.png,shepherds_purse
687.png,shepherds_purse
688.png,shepherds_purse
689.png,shepherds_purse
690.png,shepherds_purse
691.png,shepherds_purse
692.png,shepherds_purse
693.png,shepherds_purse
694.png,shepherds_purse
695.png,shepherds_purse
696.png,shepherds_purse
697.png,shepherds_purse
698.png,shepherds_purse
699.png,shepherds_purse
700.png,shepherds_purse
701.png,shepherds_purse
702.png,shepherds_purse
703.png,shepherds_purse
704.png,shepherds_purse
705.png,shepherds_purse
706.png,shepherds_purse
707.png,shepherds_purse
708.png,shepherds_purse
709.png,shepherds_purse
710.png,shepherds_purse
711.png,shepherds_purse
712.png,shepherds_purse
713.png,shepherds_purse
714.png,shepherds_purse
715.png,shepherds_purse
716.png,shepherds_purse
717.png,shepherds_purse
718.png,shepherds_purse
719.png,shepherds_purse
720.png,shepherds_purse
721.png,shepherds_purse
722.png,shepherds_purse
723.png,shepherds_purse
724.png,shepherds_purse
725.png,shepherds_purse
726.png,scentless_mayweed
727.png,shepherds_purse
728.png,shepherds_purse
729.png,shepherds_purse
730.png,shepherds_purse
731.png,shepherds_purse
732.png,shepherds_purse
733.png,shepherds_purse
734.png,shepherds_purse
735.png,shepherds_purse
736.png,scentless_mayweed
737.png,shepherds_purse
738.png,shepherds_purse
739.png,shepherds_purse
740.png,shepherds_purse
741.png,shepherds_purse
742.png,shepherds_purse
743.png,shepherds_purse
744.png,shepherds_purse
745.png,shepherds_purse
746.png,shepherds_purse
747.png,shepherds_purse
748.png,shepherds_purse
749.png,shepherds_purse
750.png,small_flowered_cranesbill
751.png,small_flowered_cranesbill
752.png,small_flowered_cranesbill
753.png,scentless_mayweed
754.png,small_flowered_cranesbill
755.png,small_flowered_cranesbill
756.png,loose_silky_bent
757.png,small_flowered_cranesbill
758.png,small_flowered_cranesbill
759.png,small_flowered_cranesbill
760.png,small_flowered_cranesbill
761.png,small_flowered_cranesbill
762.png,small_flowered_cranesbill
763.png,small_flowered_cranesbill
764.png,small_flowered_cranesbill
765.png,small_flowered_cranesbill
766.png,small_flowered_cranesbill
767.png,small_flowered_cranesbill
768.png,small_flowered_cranesbill
769.png,small_flowered_cranesbill
770.png,small_flowered_cranesbill
771.png,small_flowered_cranesbill
772.png,small_flowered_cranesbill
773.png,small_flowered_cranesbill
774.png,small_flowered_cranesbill
775.png,small_flowered_cranesbill
776.png,small_flowered_cranesbill
777.png,small_flowered_cranesbill
778.png,small_flowered_cranesbill
779.png,small_flowered_cranesbill
780.png,small_flowered_cranesbill
781.png,small_flowered_cranesbill
782.png,small_flowered_cranesbill
783.png,small_flowered_cranesbill
784.png,small_flowered_cranesbill
785.png,small_flowered_cranesbill
786.png,small_flowered_cranesbill
787.png,small_flowered_cranesbill
788.png,small_flowered_cranesbill
789.png,small_flowered_cranesbill
790.png,small_flowered_cranesbill
791.png,small_flowered_cranesbill
792.png,small_flowered_cranesbill
793.png,small_flowered_cranesbill
794.png,small_flowered_cranesbill
795.png,small_flowered_cranesbill
796.png,small_flowered_cranesbill
797.png,small_flowered_cranesbill
798.png,small_flowered_cranesbill
799.png,small_flowered_cranesbill
800.png,small_flowered_cranesbill
801.png,small_flowered_cranesbill
802.png,small_flowered_cranesbill
803.png,small_flowered_cranesbill
804.png,small_flowered_cranesbill
805.png,small_flowered_cranesbill
806.png,small_flowered_cranesbill
807.png,small_flowered_cranesbill
808.png,small_flowered_cranesbill
809.png,small_flowered_cranesbill
810.png,small_flowered_cranesbill
811.png,small_flowered_cranesbill
812.png,small_flowered_cranesbill
813.png,small_flowered_cranesbill
814.png,small_flowered_cranesbill
815.png,small_flowered_cranesbill
816.png,small_flowered_cranesbill
817.png,small_flowered_cranesbill
818.png,small_flowered_cranesbill
819.png,small_flowered_cranesbill
820.png,small_flowered_cranesbill
821.png,small_flowered_cranesbill
822.png,small_flowered_cranesbill
823.png,small_flowered_cranesbill
824.png,small_flowered_cranesbill
825.png,sugar_beet
826.png,sugar_beet
827.png,sugar_beet
828.png,sugar_beet
829.png,sugar_beet
830.png,sugar_beet
831.png,sugar_beet
832.png,sugar_beet
833.png,sugar_beet
834.png,sugar_beet
835.png,sugar_beet
836.png,sugar_beet
837.png,sugar_beet
838.png,sugar_beet
839.png,maize
840.png,maize
841.png,sugar_beet
842.png,sugar_beet
843.png,sugar_beet
844.png,sugar_beet
845.png,sugar_beet
846.png,sugar_beet
847.png,sugar_beet
848.png,sugar_beet
849.png,sugar_beet
850.png,sugar_beet
851.png,maize
852.png,sugar_beet
853.png,sugar_beet
854.png,sugar_beet
855.png,sugar_beet
856.png,sugar_beet
857.png,sugar_beet
858.png,sugar_beet
859.png,sugar_beet
860.png,sugar_beet
861.png,sugar_beet
862.png,sugar_beet
863.png,sugar_beet
864.png,sugar_beet
865.png,sugar_beet
866.png,sugar_beet
867.png,sugar_beet
868.png,sugar_beet
869.png,sugar_beet
870.png,sugar_beet
871.png,sugar_beet
872.png,sugar_beet
873.png,sugar_beet
874.png,maize
875.png,sugar_beet
876.png,sugar_beet
877.png,sugar_beet
878.png,sugar_beet
879.png,sugar_beet
880.png,sugar_beet
881.png,sugar_beet
882.png,sugar_beet
883.png,sugar_beet
884.png,sugar_beet
885.png,sugar_beet
886.png,sugar_beet
887.png,sugar_beet
888.png,sugar_beet
889.png,sugar_beet
890.png,maize
891.png,sugar_beet
892.png,maize
893.png,sugar_beet
894.png,sugar_beet
895.png,sugar_beet
896.png,sugar_beet
897.png,sugar_beet
898.png,sugar_beet
899.png,sugar_beet
